pokemon_id,item_id,move_ids,nature_id,evs,used_in_battle_factory
51,214,89;161;163;328,11,0;252;0;0;0;252,1
308,207,94;136;347;226,7,0;252;0;0;0;252,1
200,207,220;247;109;86,12,252;0;252;0;0;0,1
22,221,65;161;263;189,11,0;252;0;0;0;252,1
210,126,25;265;86;46,11,252;252;0;0;0;0,1
124,230,58;252;142;213,3,252;0;0;252;0;0,1
356,211,261;69;220;109,12,170;0;170;0;170;0,1
85,127,65;161;214;156,11,0;252;0;0;0;252,1
122,211,94;345;252;115,22,252;0;252;0;0;0,1
171,126,57;109;213;86,23,0;0;252;252;0;0,1
286,198,327;183;29;68,16,0;252;0;0;0;252,1
205,207,38;157;113;191,11,0;252;0;0;252;0,1
340,127,89;157;133;156,11,252;252;0;0;0;0,1
178,221,65;101;273;248,1,170;170;0;170;0;0,1
227,209,211;314;68;97,11,170;170;0;0;170;0,1
105,235,155;157;196;29,11,252;252;0;0;0;0,1
195,207,89;280;68;189,11,0;252;0;0;252;0,1
36,211,118;104;115;266,21,0;0;252;0;252;0,1
297,207,238;157;68;252,11,170;0;170;0;170;0,1
26,190,85;98;113;104,3,0;0;170;170;0;170,1
87,223,58;196;29;252,23,252;0;0;252;0;0,1
310,219,85;148;98;46,3,0;0;0;252;0;252,1
45,133,188;80;236;312,12,252;252;0;0;0;0,1
71,135,202;79;230;235,23,0;0;252;0;252;0,1
101,207,85;129;113;182,23,252;0;0;252;0;0,1
295,127,304;247;214;156,12,252;252;0;0;0;0,1
275,216,202;185;98;252,23,0;0;170;170;170;0,1
362,181,58;242;258;182,3,252;0;0;252;0;0,1
272,230,57;240;9;7,23,170;0;170;170;0;0,1
97,225,9;7;8;95,23,0;0;252;252;0;0,1
76,194,89;34;68;317,11,0;252;0;0;252;0,1
112,194,89;317;184;280,11,170;170;0;0;170;0,1
65,207,9;7;8;86,3,0;0;252;252;0;0,1
110,190,188;261;247;108,11,252;252;0;0;0;0,1
115,207,146;280;68;252,11,252;252;0;0;0;0,1
125,126,85;86;280;113,22,170;0;170;170;0;0,1
128,133,89;37;207;263,11,0;252;0;0;0;252,1
80,230,57;240;29;8,23,252;0;0;0;252;0,1
199,211,94;280;133;213,23,252;0;252;0;0;0,1
241,207,263;247;68;208,14,170;0;170;0;170;0,1
334,126,337;332;287;34,7,252;252;0;0;0;0,1
31,207,188;24;34;68,11,252;252;0;0;0;0,1
34,194,32;24;34;68,11,252;252;0;0;0;0,1
126,129,53;108;280;112,22,170;0;170;170;0;0,1
346,211,202;157;112;109,22,170;0;170;0;170;0,1
348,209,163;332;246;182,11,252;252;0;0;0;0,1
55,230,56;91;280;113,23,0;252;0;252;0;0,1
78,226,53;24;98;182,23,0;0;0;252;0;252,1
89,222,188;34;103;107,11,252;252;0;0;0;0,1
94,211,138;95;109;213,5,170;0;0;170;0;170,1
181,219,87;240;86;213,22,252;0;0;252;0;0,1
212,207,232;332;68;98,11,0;252;0;0;252;0,1
214,207,224;280;317;68,11,0;252;252;0;0;0,1
217,194,25;242;332;68,7,170;170;0;170;0;0,1
229,207,53;247;68;261,19,0;170;0;170;0;170,1
232,127,89;246;207;156,11,252;252;0;0;0;0,1
344,134,89;157;207;244,11,252;252;0;0;0;0,1
321,230,57;196;34;46,24,170;0;170;0;170;0,1
38,129,53;46;109;261,3,0;0;0;252;0;252,1
68,209,238;157;68;184,11,252;252;0;0;0;0,1
213,127,205;111;214;156,21,0;0;252;0;252;0,1
208,135,89;225;317;46,11,0;252;0;0;252;0,1
73,133,188;196;112;109,12,0;252;252;0;0;0,1
142,198,246;225;332;46,11,170;170;0;0;0;170,1
233,211,161;332;247;105,11,252;252;0;0;0;0,1
282,211,138;95;345;115,5,170;0;170;0;0;170,1
103,194,76;241;235;113,23,0;0;252;0;252;0,1
121,230,94;109;86;105,3,252;0;0;252;0;0,1
330,190,89;211;185;263,11,0;252;0;0;0;252,1
3,127,202;241;235;79,23,252;0;0;252;0;0,1
134,220,57;46;44;98,3,0;0;170;170;170;0,1
135,126,85;86;213;182,3,0;0;0;252;0;252,1
136,135,53;46;44;28,3,0;0;252;252;0;0,1
154,190,76;241;113;235,3,252;0;0;252;0;0,1
196,134,94;204;347;226,3,0;0;170;0;170;170,1
197,190,109;185;104;226,2,170;0;170;0;170;0,1
9,230,56;240;44;69,3,252;0;0;252;0;0,1
160,134,57;240;332;46,23,170;0;0;170;170;0,1
306,194,231;89;332;46,11,252;252;0;0;0;0,1
257,194,53;241;24;46,7,0;252;0;252;0;0,1
365,211,59;258;281;182,23,170;0;170;0;170;0,1
254,211,348;73;332;197,3,0;0;0;252;0;252,1
6,207,126;241;46;184,3,0;0;0;252;0;252,1
157,207,126;241;108;46,3,0;0;0;252;0;252,1
131,211,57;213;109;47,2,0;0;252;0;252;0,1
169,198,188;44;310;103,19,170;170;0;170;0;0,1
260,134,89;68;156;174,11,170;0;170;0;170;0,1
130,134,218;44;86;349,14,252;0;0;0;252;0,1
143,211,263;247;213;104,11,0;252;252;0;0;0,1
230,134,56;225;196;213,3,252;0;0;252;0;0,1
242,190,92;104;47;135,2,0;0;252;0;252;0,1
350,134,56;196;105;243,3,170;0;170;170;0;0,1
59,198,53;245;242;34,11,0;252;0;0;0;252,1
373,198,337;332;29;157,1,0;252;0;0;0;252,1
376,211,309;332;263;113,11,0;170;0;0;170;170,1
289,209,281;339;207;332,11,170;0;170;0;170;0,1
51,198,89;246;332;161,11,0;252;0;0;0;252,1
308,180,179;203;94;252,1,0;252;0;0;0;252,1
105,235,89;157;14;196,11,0;252;0;0;0;252,1
195,211,174;213;281;246,24,0;0;252;0;252;0,1
200,211,94;213;86;109,2,0;0;252;252;0;0,1
22,207,65;161;213;228,11,0;252;0;0;0;252,1
210,191,315;85;8;263,23,0;0;0;252;252;0,1
124,190,195;212;142;182,12,252;0;252;0;0;0,1
356,211,92;109;104;182,12,170;0;170;0;170;0,1
85,198,65;38;185;182,11,0;252;0;0;0;252,1
122,178,226;207;244;94,11,170;0;170;0;170;0,1
171,180,175;203;85;57,7,0;252;0;252;0;0,1
286,190,202;73;264;147,7,0;0;0;252;0;252,1
205,134,89;38;68;182,11,0;252;0;0;252;0,1
227,190,191;46;65;92,14,170;170;0;0;170;0,1
340,230,57;89;209;248,1,0;252;0;252;0;0,1
178,211,19;92;109;213,12,170;0;170;0;170;0,1
36,207,309;322;104;266,11,0;252;252;0;0;0,1
297,194,238;7;8;9,23,0;252;0;252;0;0,1
26,134,85;179;203;97,11,0;252;0;0;0;252,1
87,230,59;38;227;50,7,0;252;0;252;0;0,1
310,181,87;240;242;46,3,0;0;0;252;0;252,1
45,190,275;104;92;202,2,170;0;170;0;170;0,1
71,211,202;188;79;213,25,0;252;0;252;0;0,1
101,190,87;240;104;207,3,170;0;170;0;170;0,1
295,207,76;241;89;68,19,0;252;0;252;0;0,1
275,127,73;91;104;156,12,0;0;252;0;252;0,1
362,180,153;203;34;196,19,0;252;0;0;0;252,1
272,230,57;58;9;7,3,252;0;0;252;0;0,1
97,225,95;171;138;94,3,0;0;252;0;252;0,1
76,127,264;164;104;156,11,252;252;0;0;0;0,1
112,194,89;32;157;280,11,0;252;0;0;252;0,1
65,134,94;347;86;105,3,0;0;252;252;0;0,1
110,135,262;188;263;194,11,252;252;0;0;0;0,1
115,134,306;247;213;156,11,252;252;0;0;0;0,1
125,211,87;240;213;264,19,0;170;0;170;0;170,1
128,127,38;89;104;156,11,252;252;0;0;0;0,1
80,211,57;58;347;281,3,0;252;0;0;252;0,1
199,230,281;86;57;94,3,0;0;252;252;0;0,1
241,211,264;247;213;86,14,170;170;0;0;170;0,1
334,211,195;225;228;213,2,170;0;170;0;170;0,1
31,230,38;89;332;157,11,252;252;0;0;0;0,1
34,230,25;89;247;280,11,252;252;0;0;0;0,1
126,194,126;108;9;109,3,0;0;0;252;0;252,1
346,135,89;246;207;244,11,252;252;0;0;0;0,1
348,194,231;246;280;282,11,252;252;0;0;0;0,1
55,134,238;57;207;244,19,0;170;0;170;0;170,1
78,211,126;340;104;213,7,0;170;0;170;0;170,1
89,127,174;156;188;223,1,0;252;252;0;0;0,1
94,211,188;247;109;261,11,0;252;0;0;0;252,1
181,190,9;7;264;86,1,0;252;0;252;0;0,1
212,194,318;211;14;113,11,0;252;0;0;252;0,1
214,134,224;89;213;339,16,252;0;0;0;0;252,1
217,194,38;89;280;68,11,252;252;0;0;0;0,1
229,134,126;242;46;156,3,0;0;0;252;0;252,1
232,194,175;203;89;317,16,0;252;0;0;0;252,1
344,211,94;89;104;322,4,170;0;170;0;170;0,1
321,127,38;156;174;133,11,170;0;170;0;170;0,1
38,134,257;34;288;241,19,0;0;0;252;0;252,1
68,127,238;89;339;156,11,170;0;170;0;170;0,1
213,211,201;91;148;104,14,0;0;252;0;252;0,1
208,211,89;225;201;335,1,0;252;0;0;252;0,1
73,211,92;202;109;57,1,170;0;170;170;0;0,1
142,197,63;89;332;246,11,170;170;0;0;0;170,1
233,134,76;241;86;105,3,252;0;0;252;0;0,1
282,127,94;347;104;156,3,252;0;252;0;0;0,1
103,127,216;174;79;156,1,0;252;0;0;252;0,1
121,230,56;87;240;105,3,170;0;170;0;170;0,1
330,190,76;126;242;241,3,0;0;0;252;0;252,1
3,190,73;202;104;113,2,170;0;170;0;170;0,1
134,230,57;58;34;247,7,170;0;170;0;170;0,1
135,209,85;91;24;46,1,0;252;0;252;0;0,1
136,194,174;213;38;247,22,170;0;170;0;170;0,1
154,211,73;164;104;320,4,170;0;170;0;170;0,1
196,127,94;247;347;156,7,0;252;0;0;0;252,1
197,211,174;103;104;38,11,170;170;0;0;170;0,1
9,230,56;25;280;243,21,170;170;0;170;0;0,1
160,194,57;337;280;184,24,170;0;0;170;170;0,1
306,209,264;89;157;86,11,252;252;0;0;0;0,1
257,209,299;25;9;280,7,0;252;0;252;0;0,1
365,207,89;58;174;104,19,170;0;170;0;170;0,1
254,134,348;9;213;104,3,0;0;0;252;0;252,1
6,190,89;332;349;108,11,0;252;0;0;0;252,1
157,209,53;9;332;157,1,0;170;0;170;0;170,1
131,194,57;58;34;46,5,0;0;0;252;0;252,1
169,211,92;202;109;104,4,170;0;170;0;170;0,1
260,194,57;89;68;243,7,170;0;170;0;170;0,1
130,230,56;85;126;59,3,0;0;0;252;0;252,1
143,127,89;157;174;156,11,170;0;170;0;170;0,1
230,127,57;58;225;156,3,170;0;170;0;170;0,1
242,211,69;47;213;164,2,0;0;252;0;252;0,1
350,207,57;58;219;243,3,252;0;0;252;0;0,1
59,134,126;241;242;46,7,0;0;0;252;0;252,1
373,211,38;242;207;182,1,0;170;0;170;0;170,1
376,134,89;309;244;207,11,170;0;0;0;170;170,1
289,211,25;247;281;133,11,0;0;252;0;252;0,1
51,198,89;38;188;90,11,0;252;0;0;0;252,1
308,209,223;9;8;7,1,0;0;0;252;0;252,1
200,190,195;212;86;109,2,252;0;252;0;0;0,1
22,209,65;216;211;185,1,0;252;0;0;0;252,1
210,194,38;89;188;157,11,252;252;0;0;0;0,1
124,194,138;142;213;164,1,252;0;252;0;0;0,1
356,211,244;207;247;89,11,170;0;170;0;170;0,1
85,134,38;65;211;185,11,0;252;0;0;0;252,1
122,197,271;259;94;85,3,252;0;0;252;0;0,1
171,190,56;87;109;240,3,0;0;0;252;0;252,1
286,211,231;264;213;147,11,0;252;0;0;0;252,1
205,207,153;89;202;192,23,0;170;0;170;170;0,1
340,127,214;156;57;90,1,0;0;252;0;252;0,1
178,198,65;94;202;211,16,0;170;0;170;0;170,1
227,127,92;174;156;19,14,252;0;0;0;252;0,1
105,235,89;157;14;280,11,0;252;0;0;0;252,1
195,194,89;188;38;174,11,0;252;0;0;252;0,1
36,134,85;58;53;345,3,0;0;252;252;0;0,1
297,194,238;89;157;263,11,252;252;0;0;0;0,1
26,126,87;240;231;213,7,0;0;0;252;0;252,1
87,127,32;329;214;156,2,252;0;252;0;0;0,1
310,134,85;231;86;46,19,0;0;0;252;0;252,1
45,211,213;78;188;202,19,0;252;0;252;0;0,1
71,190,78;275;202;188,19,0;252;0;252;0;0,1
101,178,153;85;86;203,17,0;252;0;252;0;0,1
295,191,315;58;9;326,3,0;0;0;252;0;252,1
275,207,76;241;153;235,19,0;252;0;252;0;0,1
362,230,59;89;38;247,1,0;170;0;170;0;170,1
272,211,73;240;104;202,2,170;0;170;0;170;0,1
97,134,244;207;25;247,11,252;252;0;0;0;0,1
76,194,153;89;53;280,11,0;252;0;0;252;0,1
112,194,224;306;89;32,11,252;252;0;0;0;0,1
65,197,271;50;94;285,3,0;0;252;252;0;0,1
110,207,153;188;53;85,19,0;252;0;252;0;0,1
115,180,179;203;85;89,16,0;252;0;0;0;252,1
125,134,7;8;85;238,19,0;0;0;252;0;252,1
128,211,38;89;53;58,7,0;252;0;252;0;0,1
80,194,57;94;247;213,23,0;0;0;252;252;0,1
199,194,94;57;58;89,23,0;170;170;170;0;0,1
241,180,179;203;89;247,11,0;252;0;0;252;0,1
334,134,47;349;89;332,11,252;252;0;0;0;0,1
31,134,85;53;58;242,3,252;0;0;252;0;0,1
34,131,32;126;59;57,3,252;0;0;252;0;0,1
126,209,25;238;231;68,12,0;252;252;0;0;0,1
346,211,164;76;241;105,3,0;0;170;170;170;0,1
348,194,89;157;280;14,11,252;252;0;0;0;0,1
55,230,56;238;59;182,7,0;252;0;252;0;0,1
78,191,315;76;241;95,3,170;0;0;170;0;170,1
89,134,188;85;53;8,23,0;0;252;252;0;0,1
94,194,94;85;202;285,3,0;0;0;252;0;252,1
181,207,85;25;231;280,1,0;252;0;252;0;0,1
212,207,179;203;97;163,14,0;252;0;0;252;0,1
214,190,224;89;157;280,11,0;252;0;0;0;252,1
217,134,7;9;8;242,3,170;0;0;170;0;170,1
229,191,315;247;188;38,19,0;252;0;0;0;252,1
232,194,90;89;157;290,11,252;252;0;0;0;0,1
344,230,94;58;76;241,3,252;0;0;252;0;0,1
321,127,56;90;104;156,3,170;0;170;0;170;0,1
38,190,126;231;109;213,19,0;0;0;252;0;252,1
68,194,238;126;9;8,1,0;252;0;252;0;0,1
213,211,164;213;92;104,14,0;0;252;0;252;0,1
208,194,89;34;157;153,11,0;252;0;0;252;0,1
73,230,57;202;58;243,3,0;0;170;170;0;170,1
142,198,38;157;126;337,1,0;252;0;252;0;0,1
233,134,94;161;86;105,3,252;0;0;252;0;0,1
282,134,94;8;7;345,3,0;0;0;252;0;252,1
103,211,73;202;92;153,1,170;0;170;0;170;0,1
121,134,57;94;85;58,3,0;0;0;252;0;252,1
330,209,89;337;53;202,1,0;170;0;170;0;170,1
3,209,38;188;89;79,11,0;170;170;0;170;0,1
134,194,57;58;151;226,4,170;0;170;0;170;0,1
135,190,85;86;97;226,2,170;0;170;0;170;0,1
136,194,247;175;203;315,16,0;252;0;0;0;252,1
154,180,89;175;203;202,16,0;252;0;0;0;252,1
196,134,94;44;273;115,3,0;0;0;252;0;252,1
197,190,207;244;213;247,2,170;0;170;0;170;0,1
9,207,57;89;58;68,7,170;170;0;170;0;0,1
160,209,56;242;89;157,1,170;170;0;170;0;0,1
306,190,57;87;126;59,3,252;0;0;252;0;0,1
257,180,315;89;203;179,1,0;252;0;0;0;252,1
365,194,329;90;57;213,1,170;0;170;0;170;0,1
254,209,348;89;306;332,7,0;170;0;170;0;170,1
6,134,53;337;44;280,3,0;0;0;252;0;252,1
157,180,89;315;203;179,11,0;252;0;0;0;252,1
131,190,38;94;109;349,7,170;0;170;0;170;0,1
169,209,314;38;247;103,11,0;252;0;0;0;252,1
260,230,57;89;58;68,21,0;252;0;252;0;0,1
130,194,57;87;240;89,19,0;252;0;252;0;0,1
143,194,25;247;207;244,11,0;0;252;0;252;0,1
230,180,175;56;349;203,11,170;0;170;0;170;0,1
242,207,126;59;347;135,2,0;0;252;0;252;0,1
350,211,57;59;213;105,2,170;0;170;0;170;0,1
59,191,315;245;242;332,3,0;0;0;252;0;252,1
373,180,38;89;242;203,1,0;252;0;252;0;0,1
376,127,89;309;104;156,11,170;170;0;0;0;170,1
289,197,89;247;332;280,11,0;0;252;0;252;0,1
51,198,89;38;157;90,11,0;252;0;0;0;252,1
308,134,25;94;247;157,1,0;252;0;252;0;0,1
200,134,194;94;247;85,5,0;0;0;252;0;252,1
22,134,65;38;211;143,1,0;252;0;252;0;0,1
210,197,25;89;242;247,21,0;252;0;252;0;0,1
124,134,94;58;142;313,3,252;0;0;252;0;0,1
356,127,38;247;174;156,11,252;252;0;0;0;0,1
85,180,175;203;65;263,11,0;252;0;0;0;252,1
122,190,94;85;8;7,3,252;0;0;252;0;0,1
171,134,57;85;58;109,3,0;0;0;252;0;252,1
286,194,264;188;147;104,11,0;252;0;0;0;252,1
205,194,153;89;157;38,11,0;252;0;0;252;0,1
340,194,90;57;89;58,23,0;252;0;252;0;0,1
178,181,94;65;247;109,7,0;252;0;252;0;0,1
227,194,65;211;68;157,11,252;252;0;0;0;0,1
105,235,89;157;14;25,11,0;252;0;0;0;252,1
195,211,57;89;58;133,24,0;170;0;170;170;0,1
36,207,25;94;247;135,7,0;252;252;0;0;0,1
297,209,238;89;157;252,11,252;252;0;0;0;0,1
26,190,85;86;182;25,7,0;252;0;252;0;0,1
87,134,329;58;57;324,7,0;252;0;252;0;0,1
310,134,85;242;86;46,3,0;0;0;252;0;252,1
45,194,76;188;241;235,23,0;252;0;252;0;0,1
71,190,202;38;188;235,19,0;252;0;252;0;0,1
101,134,153;85;86;243,17,0;252;0;252;0;0,1
295,191,25;89;247;315,1,0;252;0;252;0;0,1
275,207,153;202;25;252,1,0;252;0;252;0;0,1
362,211,58;89;242;247,1,170;170;0;170;0;0,1
272,211,73;240;104;92,2,170;0;170;0;170;0,1
97,134,94;9;7;8,3,252;0;0;252;0;0,1
76,194,153;89;157;38,11,0;252;0;0;252;0,1
112,194,224;89;157;32,11,252;252;0;0;0;0,1
65,190,94;9;7;8,3,0;0;252;252;0;0,1
110,207,153;188;218;247,11,252;252;0;0;0;0,1
115,190,25;89;332;247,11,0;252;0;0;0;252,1
125,209,85;94;25;238,7,0;252;0;252;0;0,1
128,190,38;317;85;57,7,0;252;0;252;0;0,1
80,194,94;57;89;58,24,0;0;0;252;252;0,1
199,194,94;57;58;53,3,0;0;252;252;0;0,1
241,134,38;174;104;208,11,0;252;0;0;252;0,1
334,230,337;89;53;58,7,0;252;0;252;0;0,1
31,191,276;188;89;247,11,252;252;0;0;0;0,1
34,134,224;188;89;87,7,0;252;0;252;0;0,1
126,209,53;94;238;109,7,252;0;252;0;0;0,1
346,211,92;275;243;202,2,170;0;170;0;170;0,1
348,197,38;89;332;157,11,252;252;0;0;0;0,1
55,209,57;238;58;332,7,0;252;0;0;0;252,1
78,191,315;38;231;24,7,0;170;0;170;0;170,1
89,194,188;280;202;153,21,0;252;252;0;0;0,1
94,134,94;7;8;194,3,0;0;0;252;0;252,1
181,134,85;7;86;115,3,0;0;252;252;0;0,1
212,190,318;14;97;226,14,252;0;0;0;252;0,1
214,180,224;89;179;203,11,0;252;0;0;0;252,1
217,190,38;89;157;332,11,252;252;0;0;0;0,1
229,191,315;76;242;241,3,0;0;0;252;0;252,1
232,194,90;89;157;231,11,252;252;0;0;0;0,1
344,207,94;89;247;153,11,252;252;0;0;0;0,1
321,194,57;58;89;90,1,170;0;170;0;170;0,1
38,191,315;38;109;261,19,0;0;0;252;0;252,1
68,209,238;89;53;157,1,0;252;0;252;0;0,1
213,127,92;104;35;156,14,0;0;252;0;252;0,1
208,194,89;231;38;153,11,0;252;0;0;252;0,1
73,230,56;188;58;243,19,0;170;170;170;0;0,1
142,198,38;89;126;44,1,0;252;0;252;0;0,1
233,190,94;85;58;105,3,252;0;0;252;0;0,1
282,190,94;85;8;7,3,0;0;0;252;0;252,1
103,190,94;202;188;153,1,0;252;0;252;0;0,1
121,134,94;85;58;105,3,0;0;0;252;0;252,1
330,209,89;337;38;242,1,0;170;0;170;0;170,1
3,134,76;188;241;89,7,0;170;0;170;170;0,1
134,134,57;58;151;156,4,170;0;0;170;170;0,1
135,198,85;86;44;247,5,0;0;0;252;0;252,1
136,194,315;241;38;247,23,0;252;0;252;0;0,1
154,190,202;89;246;34,1,170;170;0;170;0;0,1
196,190,94;44;213;347,3,0;0;0;252;0;252,1
197,211,109;92;185;104,2,170;0;170;0;170;0,1
9,207,57;89;58;243,7,170;170;0;170;0;0,1
160,209,56;58;89;332,1,170;170;0;170;0;0,1
306,194,38;89;157;332,11,252;252;0;0;0;0,1
257,191,315;89;9;157,1,0;252;0;252;0;0,1
365,190,57;58;89;329,23,0;252;0;252;0;0,1
254,190,348;337;242;9,3,0;0;0;252;0;252,1
6,191,315;89;332;157,1,0;170;0;170;0;170,1
157,191,315;9;89;306,1,0;170;0;170;0;170,1
131,134,57;58;85;94,3,252;0;0;252;0;0,1
169,190,188;332;247;109,11,0;252;0;0;0;252,1
260,230,57;89;58;243,23,0;252;0;252;0;0,1
130,127,216;89;349;156,11,170;0;170;0;170;0,1
143,194,38;247;280;174,11,0;252;252;0;0;0,1
230,127,38;58;349;156,1,170;0;170;0;170;0,1
242,207,58;347;68;135,2,0;0;252;0;252;0,1
350,211,57;58;105;243,3,0;0;170;170;170;0,1
59,191,315;245;242;38,7,0;0;0;252;0;252,1
373,190,38;89;332;349,11,252;252;0;0;0;0,1
376,194,309;94;89;247,1,0;252;0;252;0;0,1
289,134,85;53;58;281,3,0;0;0;252;252;0,1
144,134,58;352;196;46,3,0;0;0;252;0;252,1
145,134,85;65;86;46,7,0;0;0;252;0;252,1
146,134,53;332;189;46,7,0;252;0;252;0;0,1
243,127,85;86;347;156,3,0;0;0;252;0;252,1
244,127,53;104;347;156,3,0;0;0;252;0;252,1
245,127,57;104;347;156,3,0;0;0;252;0;252,1
377,191,276;89;157;153,11,252;252;0;0;0;0,1
378,127,58;85;133;156,3,252;0;0;252;0;0,1
379,127,232;174;133;156,11,252;252;0;0;0;0,1
380,134,94;85;58;337,3,252;0;0;252;0;0,1
381,134,94;85;58;337,3,252;0;0;252;0;0,1
144,211,164;92;59;104,12,170;0;170;0;170;0,1
145,190,87;240;65;104,7,0;252;0;0;0;252,1
146,191,315;332;104;182,1,0;252;0;252;0;0,1
243,190,87;240;104;115,3,0;0;0;252;0;252,1
244,190,126;241;76;115,3,0;0;0;252;0;252,1
245,211,92;291;104;182,4,170;0;170;0;170;0,1
377,194,89;157;68;153,11,252;252;0;0;0;0,1
378,190,87;240;59;280,23,252;0;0;252;0;0,1
379,190,85;8;89;332,23,170;170;0;170;0;0,1
380,194,94;85;58;89,7,0;252;0;252;0;0,1
381,194,94;85;58;89,7,0;252;0;252;0;0,1
144,190,58;263;332;182,7,0;252;0;252;0;0,1
145,211,85;65;86;164,7,0;170;0;170;0;170,1
146,127,126;241;104;156,3,0;0;0;252;0;252,1
243,198,85;86;98;46,3,0;0;0;252;0;252,1
244,134,53;38;207;244,7,0;252;0;0;0;252,1
245,134,57;58;240;46,3,0;0;0;252;0;252,1
377,127,157;89;174;156,11,252;0;0;0;252;0,1
378,134,58;85;86;153,23,252;0;0;252;0;0,1
379,194,246;133;68;153,11,170;0;170;0;170;0,1
380,207,337;85;58;89,7,0;252;0;252;0;0,1
381,207,337;85;58;89,7,0;252;0;252;0;0,1
144,127,59;38;156;115,7,0;252;0;252;0;0,1
145,230,85;65;86;113,7,0;252;0;252;0;0,1
146,191,315;38;211;219,23,0;252;0;252;0;0,1
243,134,85;44;86;115,3,0;0;0;252;0;252,1
244,198,53;44;104;115,3,0;0;0;252;0;252,1
245,190,57;58;44;115,3,0;0;0;252;0;252,1
377,211,157;280;104;86,14,170;170;0;0;170;0,1
378,211,58;258;104;86,2,252;0;252;0;0;0,1
379,211,246;89;104;86,12,170;0;170;0;170;0,1
380,211,296;247;204;115,7,170;170;0;170;0;0,1
381,134,295;85;58;337,3,252;0;0;252;0;0,1
94,190,94;247;85;7,3,0;0;0;252;0;252,1
94,190,94;247;85;8,3,0;0;0;252;0;252,1
94,134,94;85;7;194,3,0;0;0;252;0;252,1
94,134,94;85;8;194,3,0;0;0;252;0;252,1
217,197,25;332;157;280,11,252;252;0;0;0;0,1
217,207,63;281;14;104,11,252;252;0;0;0;0,1
217,194,263;89;242;339,7,170;170;0;170;0;0,1
217,194,263;89;242;280,7,170;170;0;170;0;0,1
68,209,238;38;89;157,11,252;252;0;0;0;0,1
68,207,238;89;68;317,11,252;252;0;0;0;0,1
68,190,264;164;213;104,11,252;252;0;0;0;0,1
68,207,279;157;263;68,11,252;252;0;0;0;0,1
282,180,94;247;203;194,7,170;0;170;0;0;170,1
282,134,94;85;261;194,5,252;0;0;0;0;252,1
282,194,94;347;261;194,2,170;0;170;0;170;0,1
282,190,94;345;213;104,3,0;0;0;252;0;252,1
121,134,57;94;105;113,3,0;0;0;252;0;252,1
121,211,57;109;86;105,4,170;0;170;0;170;0,1
121,190,94;58;322;105,3,0;0;0;252;0;252,1
121,190,57;85;322;105,3,0;0;0;252;0;252,1
131,230,94;85;231;38,7,0;252;0;252;0;0,1
131,190,56;87;240;59,3,252;0;0;252;0;0,1
131,131,329;32;156;214,4,170;0;170;0;170;0,1
131,194,329;32;47;213,4,170;0;170;0;170;0,1
143,194,25;247;280;68,11,0;252;252;0;0;0,1
143,211,89;247;280;68,11,0;252;252;0;0;0,1
143,194,63;247;89;174,11,170;0;170;0;170;0,1
143,127,216;247;187;156,11,170;0;170;0;170;0,1
143,127,89;157;174;156,11,170;0;170;0;170;0,1
373,190,263;89;157;349,11,170;0;170;0;170;0,1
373,134,29;332;242;349,1,170;0;170;0;170;0,1
373,134,53;337;242;280,3,0;0;0;252;0;252,1
373,211,53;337;242;213,3,0;0;0;252;0;252,1
376,194,153;89;157;280,16,170;170;0;0;0;170,1
376,190,309;94;8;9,1,0;252;0;252;0;0,1
376,230,89;247;8;9,1,0;252;0;252;0;0,1
376,194,309;89;280;153,11,170;170;0;0;0;170,1
377,194,63;264;157;104,11,252;252;0;0;0;0,1
377,190,207;244;157;153,11,252;0;0;0;252;0,1
378,211,89;58;174;68,21,170;0;170;170;0;0,1
378,127,58;85;214;156,3,252;0;0;252;0;0,1
379,211,264;164;92;104,11,170;0;170;0;170;0,1
379,191,276;332;207;244,11,170;0;170;0;170;0,1
380,190,337;86;347;105,3,170;0;170;0;170;0,1
380,230,296;337;213;86,3,252;0;0;252;0;0,1
380,211,89;247;207;244,11,252;0;252;0;0;0,1
380,198,94;247;89;332,7,0;170;0;170;0;170,1
381,190,337;86;347;105,3,170;0;170;0;170;0,1
381,230,295;247;337;86,7,0;252;0;252;0;0,1
381,190,89;247;349;105,11,252;0;252;0;0;0,1
381,198,94;247;89;332,7,0;170;0;170;0;170,1
149,190,89;332;280;349,11,170;0;170;0;170;0,1
149,190,89;38;332;349,11,170;0;170;0;170;0,1
149,211,63;213;104;86,11,0;170;170;0;170;0,1
149,127,63;86;349;156,11,170;0;170;0;170;0,1
149,134,200;38;86;46,7,0;252;0;252;0;0,1
149,230,337;85;57;53,3,0;0;0;252;0;252,1
149,230,337;85;57;58,3,0;0;0;252;0;252,1
149,230,337;53;58;280,3,0;0;0;252;0;252,1
149,194,87;57;240;89,7,252;0;0;252;0;0,1
149,194,126;59;241;89,7,252;0;0;252;0;0,1
248,190,89;332;85;57,1,0;252;0;252;0;0,1
248,190,89;157;242;85,1,0;252;0;252;0;0,1
248,207,89;157;68;349,11,170;0;170;0;170;0,1
248,194,242;58;85;53,3,252;0;0;252;0;0,1
248,127,89;157;349;156,11,170;0;170;0;170;0,1
248,127,89;157;174;156,11,170;0;170;0;170;0,1
248,194,157;332;280;174,11,252;252;0;0;0;0,1
248,134,157;86;349;156,11,170;0;170;0;170;0,1
248,194,242;89;332;213,1,0;252;0;252;0;0,1
248,134,38;89;157;349,11,170;0;170;0;170;0,1
144,207,59;38;97;207,7,0;252;0;252;0;0,1
144,127,58;332;115;156,7,0;252;0;252;0;0,1
145,209,85;65;38;86,7,0;252;0;252;0;0,1
145,134,87;65;240;38,7,0;170;0;170;0;170,1
146,191,315;241;207;263,7,0;0;0;252;0;252,1
146,191,315;38;332;211,7,0;252;0;252;0;0,1
243,190,85;38;46;115,3,0;0;0;252;0;252,1
243,127,85;347;164;156,3,252;0;252;0;0;0,1
244,180,126;38;203;115,7,0;0;252;0;252;0,1
244,127,53;347;46;156,3,0;0;252;0;252;0,1
245,134,57;58;347;196,3,252;0;0;252;0;0,1
245,127,57;58;347;156,3,170;0;170;0;170;0,1
